<?xml version="1.0" encoding="UTF-8"?>
<project-private xmlns="http://www.netbeans.org/ns/project-private/1">
    <editor-bookmarks xmlns="http://www.netbeans.org/ns/editor-bookmarks/2" lastBookmarkId="0"/>
    <open-files xmlns="http://www.netbeans.org/ns/projectui-open-files/2">
        <group>
            <file>file:/C:/Users/ulacit/Documents/NetBeansProjects/TiendaJuegos/src/tiendajuegos/Tarjetas.java</file>
            <file>file:/C:/Users/ulacit/Documents/NetBeansProjects/TiendaJuegos/src/tiendajuegos/TiendaJuegos.java</file>
            <file>file:/C:/Users/ulacit/Documents/NetBeansProjects/TiendaJuegos/src/tiendajuegos/Usuario.java</file>
            <file>file:/C:/Users/ulacit/Documents/NetBeansProjects/TiendaJuegos/src/tiendajuegos/Orden.java</file>
            <file>file:/C:/Users/ulacit/Documents/NetBeansProjects/TiendaJuegos/src/tiendajuegos/NodoArreglo.java</file>
            <file>file:/C:/Users/ulacit/Documents/NetBeansProjects/TiendaJuegos/src/tiendajuegos/Carrito.java</file>
            <file>file:/C:/Users/ulacit/Documents/NetBeansProjects/TiendaJuegos/src/tiendajuegos/Juego.java</file>
            <file>file:/C:/Users/ulacit/Documents/NetBeansProjects/TiendaJuegos/src/tiendajuegos/Control.java</file>
            <file>file:/C:/Users/ulacit/Documents/NetBeansProjects/TiendaJuegos/src/tiendajuegos/NodoCola.java</file>
            <file>file:/C:/Users/ulacit/Documents/NetBeansProjects/TiendaJuegos/src/tiendajuegos/NodoLista.java</file>
        </group>
    </open-files>
</project-private>
